keyword,frequency
MLB,1
メジャーリーグ,1
EPL,1
プレミアリーグ,1
SPFL,1
スコティッシュプレミアシップ,1
三笘薫,1
セリエA,1
エンゼルス,1
大谷翔平,1
ダルビッシュ有,1
吉田正尚,1
冨安健洋,1
FAカップ,1
古橋亨梧,1
YG Entertainment,1
YG,1
와이지,1
K-pop,1
트레져,1
트레저,1
TREASURE,1
CHOI HYUN SUK,1
JIHOON,1
YOSHI,1
JUNKYU,1
MASHIHO,1
YOON JAE HYUK,1
ASAHI,1
BANG YE DAM,1
DOYOUNG,1
HARUTO,1
PARK JEONG WOO,1
SO JUNG HWAN,1
최현석,1
지훈,1
요시,1
준규,1
마시호,1
윤재혁,1
아사히,1
방예담,1
도영,1
하루토,1
박정우,1
소정환,1
TREASURE THE SECOND STEP,1
THE SECOND STEP,1
TREASURE 직진,1
TREASURE JIKJIN,1
JIKJIN,1
직진,1
트레저 직진,1
JYP Entertainment,1
JYP,1
Make you happy,1
Step and a step,1
Sony,1
JYP nation,1
MV,1
M/V,1
니쥬,1
needyou,1
ニジュー,1
NiziU,1
마야,1
마코,1
리마,1
리오,1
미이히,1
마유카,1
아야카,1
니나,1
리쿠,1
maya,1
mako,1
rima,1
miihi,1
mayuka,1
rio,1
ayaka,1
nina,1
riku,1
アイドル,1
マヤ,1
マコ,1
リマ,1
リオ,1
ミイヒ,1
マユカ,1
アヤか,1
ニナ,1
リク,1
JYPさん,1
NiziU music video,1
girl group,1
k-pop,1
j-pop,1
COCONUT,1
NiziU COCONUT,1
NiziU MV,1
COCONUT MV,1
NiziU COCONUT MV,1
仲里依紗,1
仲里 依紗,1
なかりいさ,1
ナカリイサ,1
Naka Riisa,1
Nakazato Riisa,1
仲依 里紗,1
仲里依紗です,1
Naka Riisa desu,1
Snow Man,1
スノーマン,1
岩本 照,1
Hikaru Iwamoto,1
深澤 辰哉,1
Tatsuya Fukazawa,1
ラウール,1
Raul,1
渡辺 翔太,1
Shota Watanabe,1
向井 康二,1
Koji Mukai,1
阿部 亮平,1
Ryohei Abe,1
目黒 蓮,1
Ren Meguro,1
宮舘 涼太,1
Ryota Miyadate,1
佐久間 大介,1
Daisuke Sakuma,1
マネーの虎,2
岩井良明,2
マネーの虎 岩井,2
マネーの虎 現在,2
投資,2
融資,2
資金調達,2
起業,2
ビジネス,2
経営,2
UCTyKZzmKi95wxmCg9rU-j6Q,2
モノリスジャパン,2
れいわのとら,2
TWICE,1
トワイス,1
トゥワイス,1
ナヨン,1
ジョンヨン,1
モモ,1
サナ,1
ジヒョ,1
ミナ,1
ダヒョン,1
チェヨン,1
ツウィ,1
K-POP,1
TT,1
ONCE,1
트와이스,1
ミサモ,1
ダンス,1
あや,1
サブリナ,1
あやサブ,1
中町あや,1
中町綾,1
井上ありさ,1
メイク,1
可愛い,1
JK,1
JC,1
女子高生,1
インスタグラム,1
インスタ,1
TikTok,2
キレイ,1
ファッション,1
女子,1
女子力,1
中町兄妹,1
HeySayJUMP,1
山田涼介,1
知念侑李,1
中島裕翔,1
有岡大貴,1
髙木雄也,1
伊野尾慧,1
八乙女光,1
薮宏太,1
JUMP,1
HSJ,1
RyosukeYamada,1
YuriChinen,1
YutoNakajima,1
DaikiArioka,1
Keiinoo,1
HikaruYaotome,1
Kotayabu,1
15周年,1
クランメリア,1
みやかわくん,1
Iam,1
MuahMuah,1
アイアム,1
むあむあ,1
アイルトンモカ,4
本当は不良なのに,2
バンカラジオ,1
マナル隊,1
コント,1
240,1
神堂きょうか,1
レイクレ,1
ともやん,1
急上昇,1
コムドット,1
どば師匠,1
てっちゃん,1
たかし,1
ぺろ愛男爵,1
東海オンエア,1
フィッシャーズ,1
神回,2
はじめしゃちょー,1
エスポワール,1
平成フラミンゴ,1
Youtuber,1
新世代,1
お笑い,2
れいくれ,1
面白い,2
水泳,1
対決,1
飛び込み,1
強豪校,1
講座,1
螺旋,1
ラップ,1
ラッパー,1
ヒップホップ,1
マイクリレー,1
フリースタイル,1
レッドブル,1
redbull,1
マイク,1
hiphop,1
Red Bull RASEN,1
RASEN,1
レッドブルマイク,1
サイファー,1
Shurkn Pap,1
MARIA,1
柊人,1
SIRUP,1
G.RINA,1
こーすけ,1
最終兵器俺達,1
最俺,1
saiore,1
サイオレ,1
ゲーム実況,3
実況プレイ動画,1
コースケ,1
こうすけ,1
コウスケ,1
実写,1
キヨ,1
きよ,1
ヒラ,1
ひら,1
フジ,1
ふじ,1
結果論,1
炎上,1
マスター,1
コマンダーモード,1
AI,1
AIイラスト,1
イラスト,1
写真,1
AIイラストチャレンジ,1
ヒカキン,2
ヒカキンtv,1
hikakintv,1
hikakin,1
ひかきん,2
ひかきんtv,1
ユーチューバー,2
YouTube,1
YouTuber,2
商品紹介,1
おもちゃ,1
オモチャ,1
玩具,1
動画,1
ビートボックス,1
Beatbox,1
ボイパ,1
ヒューマンビートボックス,1
ボイスパーカッション,1
レビュー,1
高熱,1
密着,1
24時,1
ルーティーン,1
モーニングルーティーン,1
体調不良,1
熱,1
ポカリ,1
おじや,1
おかゆ,1
かの,1
カノックスター,1
パパラピーズ,1
ぱぱらぴーず,1
paparapys,1
タナカガ,1
たなかが,1
tanakaga,1
じんじん,1
jinjin,1
男女,1
デブ,1
ドラッグストア,1
薬局,1
購入品,1
爆買い,1
買い物,1
購入品紹介,1
Vtuber,4
多井隆晴,1
Mリーグ,1
Mリーガー,1
たかちゃんねる,1
マージャン,1
雀魂,1
郡道美玲,1
郡道先生,1
卒業,1
野犬,1
野良犬,1
保護犬,1
雑種犬,1
仔犬,1
老犬,1
むぎ,1
タナ,1
日常,1
成長記録,1
日記,1
保護猫,1
りん,1
elle,1
エル,1
エルジャパン,1
エルジャポン,1
ELLE JAPAN,1
UCdhJWTqm6JDadOO4MJDmX5Q,1
羽生結弦,1
HANYU YUZURU,1
スケート,1
グッチ,1
五輪,1
オリンピック,1
アスリート,1
YUZURU HANYU,1
葛葉,3
くずは,2
kuzuha,2
吸血鬼,2
にじさんじ,3
nijisanji,3
いちから株式会社,2
ichikara,2
anime,2
アニメ,2
japan,3
切り抜き,3
雑談,2
game,2
ゲーム,4
実況,3
歌ってみた,3
カバー,2
CAPCOM,2
水溜りボンド,1
都市伝説,1
検証,1
実験,1
科学,1
面白,1
企画,1
楽しい,1
ワクワク,1
カンタ,1
トミー,1
에스쿱스,1
정한,1
조슈아,1
호시,1
원우,1
우지,1
디에잇,1
민규,1
도겸,1
승관,1
버논,1
디노,1
SCOUPS,1
JEONGHAN,1
JOSHUA,1
JUN,1
HOSHI,1
WONWOO,1
WOOZI,1
THE 8,1
MINGYU,1
DK,1
SEUNGKWAN,1
VERNON,1
DINO,1
세븐틴,1
SEVENTEEN,1
セブチ,1
ウマ娘,1
生放送,2
ぱかライブTV,1
ありさか,1
Arisakaaa,1
CR,1
CrazyRaccoon,1
配信,2
ありぴ,1
あり鯖,1
ホロライブ,1
hololive,1
ホロライブゲーマーズ,1
バーチャルyoutuber,1
VTuber,2
バーチャルYouTuber,1
VR,1
3D,1
ときのそら,1
ロボ子さん,1
夜空メル,1
アキ・ローゼンタール,1
赤井はあと,1
白上フブキ,1
夏色まつり,1
湊あくあ,1
紫咲シオン,1
百鬼あやめ,1
癒月ちょこ,1
大空スバル,1
大神ミオ,1
さくらみこ,1
猫又おかゆ,1
戌神ころね,1
兎田ぺこら,1
潤羽るしあ,1
不知火フレア,1
宝鐘マリン,1
白銀ノエル,1
AZKi,1
星街すいせい,1
天音かなた,1
桐生ココ,1
姫森ルーナ,1
角巻わため,1
常闇トワ,1
雪花ラミィ,1
桃鈴ねね,1
獅白ぼたん,1
魔乃アロエ,1
尾丸ポルカ,1
INI,1
アイエヌアイ,1
PRODUCE101,1
아이앤아이,1
池﨑理人,1
尾崎匠海,1
木村柾哉,1
後藤威尊,1
佐野雄大,1
許 豊凡,1
髙塚大夢,1
田島将吾,1
西洸人,1
藤牧京介,1
松田迅,1
アベマ的ニュースショー,1
アベマ的,1
あべま的,1
アベマニュース,1
あべまニュース,1
abemanews,1
ニュース,1
にゅーす,1
news,1
アベマ,1
あべま,1
abema,1
アベマTV,1
あべまTV,1
abematv,1
プロスピA,2
パワプロ,1
プロ野球,2
甲子園,1
高校野球,1
CLAY,1
プロスピ,2
プロスピa,1
プロ野球スピリッツ,1
リアタイ,1
リアルタイム対戦,1
ガチャ,1
神引き,1
プロスピ2019,1
V.I.P,1
セレクション,1
イベント,1
読売テレビ,1
ten,1
タカオカ目線,1
セイキン,1
seikin,1
SeikinTV,1
TV,1
せいきん,1
セイキンTV,1
せいきんTV,1
UUUM,1
ウーム,1
兄弟,1
HIKAKIN & SEIKIN,1
ヒカキン & セイキン,1
お金,1
金額,1
ufoキャッチャー,1
ゲーセン,1
ゲームセンター,1
大量,1
HikakinTV,1
ヒカキンTV,1
バトル,1
クレーンゲーム,1
専門店,1
マインクラフト,1
マイクラ,1
Minecraft,1
一万円,1
1万円,1
制限,1
crane game,1
福沢諭吉,1
金額制限,1
櫻坂46,1
櫻坂,1
櫻,1
Nobody's fault,1
BAN,1
流れ弾,1
五月雨よ,1
桜月,1
その日まで,1
Start over!,1
静寂の暴力,1
ドローン旋回中,1
chronoir,1
くろのわーる,1
クロノワール,1
叶,1
公式番組,1
公式,1
ろふまお塾,1
にじクイ,1
にじバラ,1
ゲームるゲームる,1
レバガチャ,1
にじくじ,1
MIX UP!!,1
トイボックス,1
にじさんじ公式,1
マゴ,1
ウメハラ,1
スト6,1
SF6,1
ストリートファイター6,1
ダイゴ,1
Topanga TV,1
魚群,1
梅原,1
CPT,1
カプコン,1
ストリートファイター,1
ときど,1
格ゲー,1
格闘,1
ドライブシステム,1
ドライブインパクト,1
ドライブパリィ,1
ドライブラッシュ,1
オーバードライブ,1
インパクト,1
パリィ,1
ラッシュ,1
バーンアウト,1
ザンギエフ,1
リュウ,1
ケン,1
ストリーム,1
ツイッチ,1
Twitch,1
Vスキル,1
神プレイ,1
裏技,1
背水の逆転劇,1
スマブラ,1
スマッシュ,1
初心者,1
逆転,1
スマッシュブラザーズ,1
大乱闘,1
SFL2022,1
SFL,1
ヴァロラント,1
FPS,1
fps,1
スト5,1
SF5,1
SFV,1
ヴァロ,1
VALORANT,1
ガイル,1
ふ～ど,1
ストリートファイター5,1
ストリートファイターリーグ,1
ネモ,1
ハイタニ,1
ももち,1
どぐら,1
カワノ,1
ルーク,1
